title,description,link,pubDate
'I just feel like the story's not over yet' - Federer on returning after injury at 39,Roger Federer says he never seriously considered retirement in his 14 months out from tennis as he prepares to return,https://www.bbc.co.uk/sport/tennis/56314453,2021-03-07 16:47:05+00:00
Scottish Conservatives plan John Swinney no confidence vote,The Scottish Conservatives are pushing for the vote over John Swinney's handling of the Alex Salmond case.,https://www.bbc.co.uk/news/uk-scotland-scotland-politics-56311384,2021-03-07 16:45:30+00:00
Rangers fans descend on Ibrox after Premiership win,Nicola Sturgeon urges fans to go home as they celebrate Rangers winning the Scottish Premiership.,https://www.bbc.co.uk/news/uk-scotland-glasgow-west-56312051,2021-03-07 16:42:45+00:00
Fulham win at Anfield as Liverpool lose sixth straight home game,Liverpool's incredible slide continues with a sixth successive Premier League home defeat as Fulham earn a crucial win over the reigning champions.,https://www.bbc.co.uk/sport/football/56227460,2021-03-07 16:37:52+00:00
NHS 1% pay rise is 'as much as we can give' - Boris Johnson,Boris Johnson defends his pay rise proposals after a warning nurses may quit for feeling undervalued.,https://www.bbc.co.uk/news/uk-56313199,2021-03-07 16:09:27+00:00
Switzerland referendum: Voters projected to ban face coverings in public,The result of the referendum would affect Muslim women who wear the burka or niqab.,https://www.bbc.co.uk/news/world-europe-56314173,2021-03-07 15:58:19+00:00
Nazanin Zaghari-Ratcliffe released but faces new court date in Iran,The British-Iranian faces a separate court case now her five-year sentence on spying charges has ended.,https://www.bbc.co.uk/news/uk-56313099,2021-03-07 15:35:01+00:00
Pope Francis visits regions of Iraq once held by Islamic State,The Catholic leader delivers a message of hope in the former Islamic State stronghold of Mosul.,https://www.bbc.co.uk/news/world-middle-east-56309779,2021-03-07 15:24:56+00:00
Gerrard's Rangers win first Scottish top-flight title for 10 years,Rangers are Scottish champions for the first time in 10 years after Celtic draw 0-0 with Dundee United.,https://www.bbc.co.uk/sport/football/56306235,2021-03-07 15:23:27+00:00
Meghan and Harry's TV interview with Oprah Winfrey to air in US,Oprah Winfrey's interview with the Duke and Duchess of Sussex will be broadcast at 01:00 GMT on Monday.,https://www.bbc.co.uk/news/uk-56313648,2021-03-07 14:31:12+00:00
Brexit: Lord Frost accuses EU of 'ill will' over UK exit,"Lord Frost says the EU has ""significantly undermined"" post-Brexit arrangements for Northern Ireland.",https://www.bbc.co.uk/news/uk-politics-56311605,2021-03-07 13:36:29+00:00
Covid: UK must prepare for 'hard winter' of flu - expert,"The population immunity to viruses other than Covid could be lower than usual, a top medic warns.",https://www.bbc.co.uk/news/uk-56312621,2021-03-07 12:38:51+00:00
'Stay local' rule considered for Wales Covid review,"Stay at home rules banning all but essential travel could be eased, Wales' first minister says.",https://www.bbc.co.uk/news/uk-wales-56311143,2021-03-07 12:38:06+00:00
Covid: Gavin Williamson 'looking at' longer school day and shorter holidays,"A range of measures are being looked at to help pupils in England catch up, the education secretary says.",https://www.bbc.co.uk/news/uk-56311723,2021-03-07 12:22:22+00:00
"Covid-19: First roadmap date approaches, and 'fundamentally flawed' PPE",Five things you need to know about the coronavirus pandemic this Sunday morning.,https://www.bbc.co.uk/news/uk-56309981,2021-03-07 07:31:25+00:00
George Floyd: Why is the trial so important?,A US police officer is accused of killing a black man last year. Here's why the world is watching.,https://www.bbc.co.uk/news/world-us-canada-56270334,2021-03-07 00:52:11+00:00
Back to school: 'I'm ready for a coffee in peace',"As children in England return to school on Monday, parents have mixed emotions.",https://www.bbc.co.uk/news/education-56282879,2021-03-07 00:45:37+00:00
Katy Sprague: The family piecing together an 'avoidable murder',Katy Sprague's family believe if their concerns had been addressed she would still be alive today.,https://www.bbc.co.uk/news/uk-england-cambridgeshire-56216488,2021-03-07 00:43:49+00:00
Raya and the Last Dragon: Disney's new heroine representing 670 million people,"After almost 90 years of animated films, Disney has finally ventured into South East Asia.",https://www.bbc.co.uk/news/world-asia-56277164,2021-03-07 00:16:02+00:00
What's your pension invested in?,"While pension pots are going green, how easy is it to dump investments in tobacco or gambling?",https://www.bbc.co.uk/news/business-56170726,2021-03-07 00:15:34+00:00
The women of Egypt's Arab Spring,"Ten years ago, Egyptians took to the streets calling for the overthrow of President Hosni Mubarak",https://www.bbc.co.uk/news/stories-56195248,2021-03-07 00:13:53+00:00
How a ring tells the story of a forgotten secret agent,A war hero had been all but forgotten. But now his story can be told - thanks to his engagement ring.,https://www.bbc.co.uk/news/stories-56215177,2021-03-07 00:09:42+00:00
"Kings of Leon on Mick Jagger, lockdown hair and writing songs on bar napkins","The rock band discuss Mick Jagger, lockdown haircuts and how their lyrics start on bar mats.",https://www.bbc.co.uk/news/entertainment-arts-56242574,2021-03-07 00:02:23+00:00
"Losing a twin: 'With great love, comes great loss’",The sister of a girl who died following a school bus crash speaks about how she copes with her grief.,https://www.bbc.co.uk/news/uk-northern-ireland-56264812,2021-03-07 00:00:41+00:00
Hunger Games salute: The symbol of protest against Asia’s military regimes,The three finger gesture has become a defining symbol of demonstrations in Myanmar and Thailand.,https://www.bbc.co.uk/news/world-asia-56289575,2021-03-07 00:00:33+00:00
US bombers deployed to Arctic skies from Norway base,"The US has deployed long-range bomber planes to Norway, in a move seen as a message to Russia.",https://www.bbc.co.uk/news/world-56300515,2021-03-07 00:00:24+00:00
Coronavirus: US Senate passes major $1.9tn relief plan,The major spending package is expected to be given final approval in the House next week.,https://www.bbc.co.uk/news/world-us-canada-56307889,2021-03-06 19:06:03+00:00
Soldier killed at Castlemartin range named as Sgt Gavin Hillier,The Ministry of Defence names Sgt Gavin Hillier as the soldier killed in a training exercise.,https://www.bbc.co.uk/news/uk-wales-56304979,2021-03-06 18:50:28+00:00
Jack Dorsey: Bids reach $2.5m for Twitter co-founder's first post,The Twitter co-founder has listed his first ever tweet for sale as a form of digital memorabilia.,https://www.bbc.co.uk/news/world-us-canada-56307153,2021-03-06 18:35:40+00:00
Pukki scores twice as runaway Championship leaders Norwich dismiss Luton,Teemu Pukki scores his 19th and 20th goals of the season as runaway Championship leaders Norwich secure a stylish win over Luton.,https://www.bbc.co.uk/sport/football/56219558,2021-03-06 18:27:56+00:00
Rangers fans gather outside Ibrox despite lockdown,Players ran to the gates to celebrate in sight of fans following their win against St Mirren on Saturday,https://www.bbc.co.uk/news/uk-scotland-glasgow-west-56307066,2021-03-06 18:14:41+00:00
Southampton's torrid run ends with win over Sheff Utd,Southampton win for the first time in 10 Premier League matches as Che Adams' spectacular strike helps Ralph Hasenhuttl's side claim all three points at Sheffield United.,https://www.bbc.co.uk/sport/football/56220040,2021-03-06 18:12:01+00:00
Why is Harry and Meghan's TV interview so controversial?,"Harry and Meghan have given Oprah Winfrey an exclusive interview, which will be shown in the UK on Monday.",https://www.bbc.co.uk/news/explainers-56281444,2021-03-06 17:14:50+00:00
Covid vaccine: How many people in the UK have been vaccinated so far?,"The logistics of vaccinating millions of people across the country, as more than 21 million people receive at least one dose.",https://www.bbc.co.uk/news/health-55274833,2021-03-06 17:05:11+00:00
Postcode look-up: How many vaccinated where you live?,"The logistics of vaccinating millions of people across the country, as more than 21 million people receive at least one dose.",https://www.bbc.co.uk/news/health-55274833,2021-03-06 17:05:11+00:00
Rangers need point for title after sweeping aside St Mirren,Rangers will be crowned Scottish Premiership champions if Celtic fail to win at Dundee United on Sunday.,https://www.bbc.co.uk/sport/football/56219996,2021-03-06 16:52:35+00:00
Arrest over missing woman Bennylyn Burke and two children,The woman and two children had been missing from South Gloucestershire since 17 February.,https://www.bbc.co.uk/news/uk-scotland-56304839,2021-03-06 16:30:17+00:00
Sarah Everard: Family 'desperate' to see missing woman,Sarah Everard is thought to have walked home alone across Clapham Common on Wednesday evening.,https://www.bbc.co.uk/news/uk-england-london-56307038,2021-03-06 16:29:52+00:00
Covid-19: Lockdown 'a success' but UK 'not out of the woods',The head of the Office for National Statistics say the gains made so far need to be protected.,https://www.bbc.co.uk/news/uk-56306105,2021-03-06 16:14:42+00:00
"After the dead horse photo, what now for racing?","The key questions as trainer Gordon Elliott is banned for a year, with six months suspended, amid fallout from the dead horse photo scandal.",https://www.bbc.co.uk/sport/horse-racing/56288334,2021-03-06 16:05:20+00:00
In pictures: Thousands attend LGBT Mardi Gras in Sydney,"Thousands gathered for the event, which was scaled back over Covid-19 safety concerns.",https://www.bbc.co.uk/news/world-australia-56307356,2021-03-06 15:49:33+00:00
Xhaka error costs Arsenal victory as Burnley survive late siege,Granit Xhaka's error presents Chris Wood with a bizarre equaliser to deprive Arsenal of victory against Burnley at Turf Moor.,https://www.bbc.co.uk/sport/football/56220041,2021-03-06 15:46:40+00:00
Cladding rules: 'I wish I hadn't' bought my flat',Confusion over building safety rules has left many people unable to move home without hard-to-obtain checks.,https://www.bbc.co.uk/news/business-56298878,2021-03-06 13:49:53+00:00
Nazanin Zaghari-Ratcliffe: The five years separated from her family,"The day before Nazanin Zaghari-Ratcliffe is due for release, her husband talks of his hopes and fears.",https://www.bbc.co.uk/news/uk-56301683,2021-03-06 13:29:49+00:00
Princess Latifa clips 'concern' horse racing chief,The British Horseracing Authority says it has spoken to the government following a BBC Panorama programme detailing allegations about the missing daughter of Sheikh Mohammed.,https://www.bbc.co.uk/sport/horse-racing/56304866,2021-03-06 13:19:52+00:00
NHS pay: 'Undervalued' nurses may quit over 1% rise - union,"Ministers defend the offer to staff in England, saying finances are under unprecedented strain.",https://www.bbc.co.uk/news/uk-56301981,2021-03-06 13:16:27+00:00
England lose India series 3-1 following another abject batting display,"England's series defeat in India is sealed with one final, abject batting collapse on the third day of the fourth Test in Ahmedabad.",https://www.bbc.co.uk/sport/cricket/56294545,2021-03-06 11:31:37+00:00
Covid: Helicopter flew from Salford to Preston for sandwich,"A councillor says a pilot's 40-mile trip to get a sandwich is a ""flagrant abuse"" of lockdown rules.",https://www.bbc.co.uk/news/uk-england-lancashire-56278463,2021-03-06 10:31:25+00:00
Guard called black poet Amanda Gorman 'suspicious',The US poet says she was offered no apology after being racially profiled.,https://www.bbc.co.uk/news/world-us-canada-56304235,2021-03-06 09:04:50+00:00
Covid-19: More unions join NHS pay backlash and beer gardens deluged with bookings,Five things you need to know about the coronavirus pandemic this Saturday morning.,https://www.bbc.co.uk/news/uk-56303752,2021-03-06 07:33:12+00:00
Stormont signer's children passing on their skills,Stormont signer Kristina Sinclair's children use sign language despite not having hearing difficulties.,https://www.bbc.co.uk/news/uk-northern-ireland-56266968,2021-03-06 07:11:03+00:00
Covid lockdown: Why Magna Carta won’t exempt you from the rules,People are turning to tactics that misinterpret outdated law to avoid coronavirus regulations.,https://www.bbc.co.uk/news/56295261,2021-03-06 00:40:58+00:00
'I've been listening to 300 vinyl records to get me through lockdown',Listening to all her records took Anna Doble back to her youth - releasing memories and emotions.,https://www.bbc.co.uk/news/stories-56187737,2021-03-06 00:26:15+00:00
Week in pictures: 27 February - 5 March 2021,A selection of powerful images taken around the world this week.,https://www.bbc.co.uk/news/in-pictures-56283009,2021-03-06 00:25:00+00:00
Three surprising things you can make with mushrooms,"Fungi are being used to make compostable versions of products, such as coffins and packaging.",https://www.bbc.co.uk/news/stories-56259541,2021-03-06 00:21:46+00:00
Covid-19: 'There are people too poor to die',"In January, the Covid mortality rate in Burnley was more than double the English average.",https://www.bbc.co.uk/news/uk-56255828,2021-03-06 00:16:47+00:00
How Kenya's Malindi morphed into 'Little Italy',"Italian is the lingua franca of Malindi, which can be a culture shock when walking its old Swahili streets.",https://www.bbc.co.uk/news/world-africa-56284827,2021-03-06 00:15:43+00:00
The mystery American woman wanted in the UK,Anne Sacoolas faces a US court battle following a road crash that killed British teen Harry Dunn.,https://www.bbc.co.uk/news/world-us-canada-56246511,2021-03-06 00:14:08+00:00
Amanpour: Harry and Meghan Oprah interview 'won't be an easy ride',"Christiane Amanpour, the chief international anchor of the news channel CNN, was interviewed by Oprah in 2005.",https://www.bbc.co.uk/news/world-us-canada-56255829,2021-03-06 00:10:54+00:00
Why popular YouTubers are building their own sites,Some big YouTube names are building their own video sites on the side - just in case.,https://www.bbc.co.uk/news/technology-55349255,2021-03-06 00:07:58+00:00
Coronavirus: Europe in vaccine race to save summer,"Waiting for a jab and vaccine passport, EU citizens are impatient to get their lives back.",https://www.bbc.co.uk/news/world-europe-56292087,2021-03-06 00:06:43+00:00
Myanmar coup: The young rebels risking their lives for the future,"Opponents of Myanmar's military coup face daily threats and violence, and yet defiance continues.",https://www.bbc.co.uk/news/world-asia-56293923,2021-03-06 00:03:39+00:00
K2: Noel Hanna 'returning to find climbers' bodies',Adventurer Noel Hanna had to abandon a trek last month after five fellow climbers died.,https://www.bbc.co.uk/news/uk-northern-ireland-56296329,2021-03-05 17:41:57+00:00
World's oldest known wild bird has another chick at age of 70,"Wisdom is believed to have had more than 30 chicks in her life so far, and several partners.",https://www.bbc.co.uk/news/world-us-canada-56281983,2021-03-05 17:24:14+00:00
UK Royal Family: Who is in it and how does it work?,Here are some of the things you need to know about the British royals.,https://www.bbc.co.uk/news/uk-56201331,2021-03-05 17:17:28+00:00
Covid: How will testing work in schools?,"All students in England can return to classrooms from 8 March, but how will Covid testing work?",https://www.bbc.co.uk/news/education-51643556,2021-03-05 17:13:21+00:00
What are the new rules for testing and hotel quarantine?,Travellers going to and from the UK face a growing number of restrictions.,https://www.bbc.co.uk/news/explainers-52544307,2021-03-05 16:34:57+00:00
What's the roadmap for lifting lockdown?,The prime minister has announced a plan for how the lockdown will be lifted in England.,https://www.bbc.co.uk/news/explainers-52530518,2021-03-05 15:44:44+00:00
Covid variant: What happens when coronavirus mutates?,New Covid-19 variants keep appearing – and their mutations are very different to the comic book kind.,https://www.bbc.co.uk/news/health-56286744,2021-03-05 15:36:21+00:00
Coronavirus: What is the R number and how is it calculated?,The R number is a simple but crucial figure at the heart of lockdown decisions across the UK.,https://www.bbc.co.uk/news/health-52473523,2021-03-05 14:43:03+00:00
Duke transfers back to King Edward VII's Hospital,"Prince Philip has returned to King Edward VII's Hospital after undergoing ""successful"" heart procedure at another London hospital, Buckingham Palace says",https://www.bbc.co.uk/news/uk-56293518,2021-03-05 12:39:33+00:00
Coronavirus infection levels continue to drop in the UK,Latest figures from a survey of infections in the community suggest around 1-in-230 people has the virus.,https://www.bbc.co.uk/news/health-56292039,2021-03-05 12:38:50+00:00
Covid-19: Nurses prepare for strikes over 1% NHS pay rise in England,"A union calls the proposed increase in England ""pitiful"", but ministers say money is tight.",https://www.bbc.co.uk/news/uk-politics-56288237,2021-03-05 12:31:48+00:00
Sports Direct owner Mike Ashley warns of possible shop closures,"Mike Ashley's Frasers Group says new business rates measures are ""near worthless"" for large retailers.",https://www.bbc.co.uk/news/business-56290421,2021-03-05 12:02:52+00:00
Oppo's expanding phone can grow and shrink on demand,The concept phone has a flexible display that rolls up inside the device.,https://www.bbc.co.uk/news/technology-56294489,2021-03-05 11:47:32+00:00
Pant's dazzling ton takes Test away from England,Rishabh Pant's dazzling century ensures India repel a Ben Stokes-led England fightback on a compelling second day of the final Test in Ahmedabad.,https://www.bbc.co.uk/sport/cricket/56280853,2021-03-05 11:46:16+00:00
China NPC: Beijing to overhaul Hong Kong electoral system,"Premier Li Keqiang warns the world not to interfere, as he addresses China's largest political meeting.",https://www.bbc.co.uk/news/world-asia-china-56264117,2021-03-05 11:42:16+00:00
Covid-19: Cyprus to welcome vaccinated UK tourists from May,It is not yet clear how visitors will be required to prove they have received both doses of a jab.,https://www.bbc.co.uk/news/uk-56289054,2021-03-05 11:06:58+00:00
Covid: Some asthma patients being told to wait longer for vaccine,Some are not being prioritised if they haven't been to hospital recently for the condition.,https://www.bbc.co.uk/news/health-56281064,2021-03-05 11:05:52+00:00
Pope Francis begins historic Iraq visit despite virus and security risks,Pope Francis arrives in Baghdad for his first international trip since the Covid-19 pandemic began.,https://www.bbc.co.uk/news/world-middle-east-56282598,2021-03-05 10:58:33+00:00
"'Vaccine passports': Will I need one for going out, work and travel?",The government is reviewing whether venues can ask for proof of vaccination or a negative test.,https://www.bbc.co.uk/news/explainers-55718553,2021-03-05 09:41:38+00:00
Sinkhole 'swallowed' Cumbrian farmer on quad bike,"The ground ""fell away"" as the man rode across his field, leaving him trapped 60ft below the surface.",https://www.bbc.co.uk/news/uk-england-cumbria-56290236,2021-03-05 09:02:15+00:00
Covid: Italy 'blocks' AstraZeneca vaccine shipment to Australia,"The bar on shipping 250,000 doses amid a row with the firm is backed by the EU.",https://www.bbc.co.uk/news/world-europe-56279202,2021-03-05 07:59:48+00:00
Sergio Aguero: Is Argentine entering final months of Manchester City career?,"Sergio Aguero has not scored a Premier League goal since January 2020 and his contract expires in the summer, so is he approaching the end at Manchester City?",https://www.bbc.co.uk/sport/football/56257193,2021-03-05 07:59:09+00:00
New Zealand v England: Tourists wrap up series with six-wicket win,Freya Davies and Tammy Beaumont both impress as England beat New Zealand by six wickets in the second Twenty20 in Wellington to win the series.,https://www.bbc.co.uk/sport/cricket/56289551,2021-03-05 07:01:55+00:00
Plymouth model: 'I felt like I needed to cut my own hair off',"Model Jarrakeh Cherno Jarra cut his afro as a child to avoid the ""hassle"" of people touching it.",https://www.bbc.co.uk/news/uk-england-devon-56162282,2021-03-05 06:16:11+00:00
The Papers: NHS pay 'insult' and EU vaccine 'volte-face' ,A proposed 1% pay rise for NHS staff and the EU blocking the export of vaccines are among the lead stories.,https://www.bbc.co.uk/news/blogs-the-papers-56288212,2021-03-05 05:22:58+00:00
International Women's Day: Illustrating the Covid-19 pandemic,These three artists turn complex research into easy to digest information to help fight coronavirus.,https://www.bbc.co.uk/news/in-pictures-56152069,2021-03-05 02:15:59+00:00
Covid: Fresh air 'key to safer classrooms',Knowing which windows to open and having shorter lessons could help when children return to school.,https://www.bbc.co.uk/news/health-56268188,2021-03-05 01:14:28+00:00
The Father: Why Olivia Colman's new film will leave you disorientated,"The Father puts you in the confused head of a dementia sufferer, played by Sir Anthony Hopkins.",https://www.bbc.co.uk/news/entertainment-arts-56187707,2021-03-05 01:12:59+00:00
Covid contracts still unpublished despite Boris Johnson's claim,"Days after the PM said all contracts were ""on the record"", government lawyers admitted many were not.",https://www.bbc.co.uk/news/uk-56281934,2021-03-05 00:48:21+00:00
Our Lives: Will my hometown survive this lockdown?,An ongoing Covid-19 study has shown how the North of England was hit harder than the rest of the country.,https://www.bbc.co.uk/news/uk-56132394,2021-03-05 00:27:37+00:00
Data experts are becoming football's best signings,A growing number of clubs big and small are using more technology to help performances on the pitch.,https://www.bbc.co.uk/news/business-56164159,2021-03-05 00:09:16+00:00
Covid variants: What happens when a virus mutates?,New Covid-19 variants keep appearing – and their mutations are very different to the comic book kind.,https://www.bbc.co.uk/news/health-56286744,2021-03-05 00:06:47+00:00
Budget 2021: Four things missing from Rishi Sunak,"Where was the help for the environment, social care, renters, and to cover the future costs of Covid?",https://www.bbc.co.uk/news/business-56269367,2021-03-05 00:05:40+00:00
Covid 19: 'His mental health has suffered all along',"Michael, who has dementia, hasn't been able to properly see his family for a year, due to Covid-19 restrictions in his nursing home.",https://www.bbc.co.uk/news/uk-56255825,2021-03-05 00:03:57+00:00
Northern Pacific seastar: The sea intruder causing havoc in Tasmania,Locals hope removing an introduced starfish can help save an iconic Australian species.,https://www.bbc.co.uk/news/world-australia-56276521,2021-03-05 00:02:16+00:00
Nalleli Cobo: How a nine-year-old fought an oil company and won,"Nalleli Cobo started suffering from asthma, nosebleeds and headaches.",https://www.bbc.co.uk/news/world-us-canada-56093636,2021-03-05 00:00:37+00:00
Celebrating the world's largest female afro,"Simone Williams sees her hair, which measures nearly 1.5m in circumference, as a symbol of pride.",https://www.bbc.co.uk/news/world-us-canada-56246510,2021-03-04 22:10:18+00:00
Coronavirus: Hairdressers reopen in the Netherlands,Hairdressers in the Netherlands have reopened after being shut since December.,https://www.bbc.co.uk/news/world-europe-56287658,2021-03-04 19:44:56+00:00
Nurses' union anger over 'pitiful' 1% NHS pay rise,"The government will face a public backlash if it does not pay staff more, the RCN union warns.",https://www.bbc.co.uk/news/uk-politics-56285087,2021-03-04 18:58:53+00:00
Philip Rutnam: £340k payout to official after Priti Patel bullying claims,"Home Office boss Philip Rutnam quit his job over what he claimed was ""vicious"" briefing against him.",https://www.bbc.co.uk/news/uk-politics-56281781,2021-03-04 18:42:27+00:00
Covid: Italy 'blocks' AstraZeneca vaccine shipment to Australia,"The bar on shipping 250,000 doses amid a row with the firm is backed by the EU.",https://www.bbc.co.uk/news/world-europe-56279202,2021-03-04 18:42:10+00:00
Brexit: UK extends Irish Sea checks grace period for parcels,"It comes a day after it extended the grace period for checks on agri-foods, a move the EU said was illegal.",https://www.bbc.co.uk/news/uk-northern-ireland-56285874,2021-03-04 18:31:56+00:00
Covid: What’s the problem with the EU vaccine rollout?,The coronavirus vaccine is being rolled out across the EU but there have been delays.,https://www.bbc.co.uk/news/explainers-56286235,2021-03-04 18:09:00+00:00
Covid-19: A new variant in the UK and a festival fallout over vaccines,Five things you need to know about the coronavirus pandemic this Thursday evening.,https://www.bbc.co.uk/news/uk-56277775,2021-03-04 18:02:06+00:00
Towns Fund: How were the winners chosen?,There has been controversy about the 45 towns sharing just over £1bn from the Towns Fund.,https://www.bbc.co.uk/news/56283199,2021-03-04 17:42:49+00:00
Covid-19: Another new variant added to UK watch list,It shares a worrying mutation with the South Africa and Brazil variants of concern.,https://www.bbc.co.uk/news/health-56284155,2021-03-04 17:28:39+00:00
Banksy confirms escaping prisoner artwork at Reading Prison,"The street art appeared on the side of Reading Prison, which is under threat of development.",https://www.bbc.co.uk/news/uk-england-berkshire-56243680,2021-03-04 17:20:06+00:00
Sutton Coldfield mum recalls being pregnant and stabbed,Natalie Queiroz recalls her partner's attack five years ago in which her unborn child was feared dead.,https://www.bbc.co.uk/news/uk-england-birmingham-56230392,2021-03-04 17:00:41+00:00
Covid: What’s the problem with the EU vaccine rollout?,The coronavirus vaccine is being rolled out across the EU but there have been delays.,https://www.bbc.co.uk/news/explainers-52380823,2021-03-04 16:00:13+00:00
BTS named world's best-selling artists of 2020,The Korean boyband beat Taylor Swift and Drake to top the chart.,https://www.bbc.co.uk/news/entertainment-arts-56283259,2021-03-04 15:56:10+00:00
Glasgow and Dublin at growing risk of losing Euro 2020 games,Glasgow and Dublin are at growing risk of being cut from the list of host cities for this summer's European Championship.,https://www.bbc.co.uk/sport/football/56250120,2021-03-04 15:30:28+00:00
When is the census and what is it for?,The once-a-decade survey gives a snapshot of UK life and helps find out what services are needed.,https://www.bbc.co.uk/news/explainers-55935409,2021-03-04 15:27:20+00:00
"Love Island to return this summer, ITV confirms","The broadcaster announces the dating show will return this summer, but doesn't confirm the location.",https://www.bbc.co.uk/news/entertainment-arts-56277850,2021-03-04 15:23:33+00:00
Food waste: Amount thrown away totals 900 million tonnes,"Every year, 23 million truckloads of food go straight into the waste bin, according to the UN.",https://www.bbc.co.uk/news/science-environment-56271385,2021-03-04 15:14:12+00:00
Covid: What is the Oxford-AstraZeneca vaccine?,"The Oxford University-AstraZeneca vaccines should save many lives, say experts.",https://www.bbc.co.uk/news/health-55302595,2021-03-04 14:28:19+00:00
Princess Diana Panorama interview: Police rule out probe,Detectives assessed claims that false documents were used to win Diana's trust before her appearance.,https://www.bbc.co.uk/news/uk-56281694,2021-03-04 14:16:13+00:00
Tintern 'secret' medieval tunnel system found by accident,A team of electrical technicians made the discovery while moving an electrical pole in Monmouthshire.,https://www.bbc.co.uk/news/uk-wales-56281726,2021-03-04 13:55:45+00:00
Oprah interview: Meghan accuses palace of 'perpetuating falsehoods',"The Duchess of Sussex says she does not know how Buckingham Palace could expect her to ""be silent"".",https://www.bbc.co.uk/news/uk-56275888,2021-03-04 13:28:52+00:00
Ryan Thomas quits acting after 'losing the bug for it',The former Coronation Street star says he was tired of being rejected for roles and of online trolls.,https://www.bbc.co.uk/news/entertainment-arts-56278135,2021-03-04 13:27:07+00:00
US suspends tariffs on single malt Scotch whisky,Tariffs on UK cheese and cashmere will also be lifted as the two countries try to resolve an old trade row.,https://www.bbc.co.uk/news/business-56279525,2021-03-04 13:25:12+00:00
Team Sturgeon breathes a sigh of relief,Nicola Sturgeon's team believes no real punches were landed in eight hours of questioning by MSPs.,https://www.bbc.co.uk/news/uk-scotland-scotland-politics-56281854,2021-03-04 13:25:11+00:00
No police probe over Diana Panorama interview,Detectives assessed claims that false documents were used to win Diana's trust before her appearance.,https://www.bbc.co.uk/news/uk-56281694,2021-03-04 13:15:32+00:00
Covid: Germany approves AstraZeneca vaccine for over-65s,The decision comes after Chancellor Merkel said data showed the jab was effective for the elderly too.,https://www.bbc.co.uk/news/world-europe-56275342,2021-03-04 13:02:03+00:00
Phone-hacking: Noel Fielding among latest celebrities to accept damages,"Another 13 people, including several stars, settle claims with owners of the defunct News of the World.",https://www.bbc.co.uk/news/uk-56280368,2021-03-04 13:01:51+00:00
Budget 2021: Rishi Sunak insists Covid-recovery tax rises fair,Chancellor Rishi Sunak is accused of hitting the poorest hardest in his Budget plan to balance the books.,https://www.bbc.co.uk/news/uk-politics-56274711,2021-03-04 12:56:22+00:00
Sweden attack: Seven injured in stabbings in Vetlanda,Police are treating the case as attempted murder and have now ruled out terrorism.,https://www.bbc.co.uk/news/world-europe-56272565,2021-03-04 12:43:46+00:00
Is there help for homeowners in arrears? And other Budget questions,Budget questions from readers on a range of topics.,https://www.bbc.co.uk/news/explainers-56280035,2021-03-04 12:40:32+00:00
Is there help for homeowners? And other Budget questions,Budget questions from readers on a range of topics.,https://www.bbc.co.uk/news/explainers-56280035,2021-03-04 12:40:32+00:00
"Abbey Road sign sells at auction for £37,000",The road will forever be associated with Britain's most successful musical export - The Beatles.,https://www.bbc.co.uk/news/uk-england-london-56280104,2021-03-04 12:33:31+00:00
Glasgow and Dublin at growing risk of losing Euro 2020 games,Glasgow and Dublin are at growing risk of being cut from the list of host cities for this summer's European Championship.,https://www.bbc.co.uk/sport/football/56250120,2021-03-04 12:18:54+00:00
England's batting fails again in India,England's batsmen once again fail to deliver on the first day of the final Test against India in Ahmedabad.,https://www.bbc.co.uk/sport/cricket/56276081,2021-03-04 12:04:03+00:00
"Prince Philip has successful heart procedure, palace says","The Duke of Edinburgh will remain in hospital for a number of days, Buckingham Palace says.",https://www.bbc.co.uk/news/uk-56278445,2021-03-04 11:38:46+00:00
How do we know Covid vaccines are safe?,Busting myths and explaining the facts around vaccines.,https://www.bbc.co.uk/news/health-55056016,2021-03-04 11:28:13+00:00
Louvre reunited with 'exceptional' armour stolen in 1983,The helmet and breastplate were discovered by an antiquities expert in Bordeaux.,https://www.bbc.co.uk/news/world-europe-56277325,2021-03-04 11:17:41+00:00
Kieran Hardy: Wales scrum-half ruled out of Six Nations,Wales scrum-half Kieran Hardy is ruled out of the rest of the Six Nations by the hamstring he injured in the Triple Crown win against England.,https://www.bbc.co.uk/sport/rugby-union/56253138,2021-03-04 11:01:58+00:00
Alec Baldwin deactivates Twitter account over 'switching accents' joke,"The actor made light of a recent controversy surrounding the heritage of his wife, Hilaria.",https://www.bbc.co.uk/news/entertainment-arts-56277845,2021-03-04 10:43:00+00:00
Budget 2021: 10 ways Rishi Sunak's speech affects you,Chancellor Rishi Sunak's Budget is packed with policies that will affect your finances. Here is a guide.,https://www.bbc.co.uk/news/business-56263581,2021-03-04 10:37:18+00:00
Covid: When will I get the vaccine?,Two approved Covid vaccines are being rolled out across the UK. So when might you get one?,https://www.bbc.co.uk/news/health-55045639,2021-03-04 09:57:26+00:00
US Capitol police warn of possible militia plot to breach Congress,"A session is cancelled because of ""potential threats"" from a militia to storm the Congress building.",https://www.bbc.co.uk/news/world-us-canada-56275335,2021-03-04 09:48:59+00:00
SpaceX: Starship lands safely... then explodes,It is the first time Elon Musk's space exploration company has pulled off this difficult landing.,https://www.bbc.co.uk/news/science-environment-56275483,2021-03-04 09:38:17+00:00
Women retirees win £2.7bn for underpaid pensions,"About 200,000 pensions may get top-ups averaging £13,500 after nearly two decades of shortfalls.",https://www.bbc.co.uk/news/business-56275415,2021-03-04 08:59:33+00:00
"I never had a goal drought like this, says Chelsea's Werner",Chelsea forward Timo Werner says there is more to come from him after admitting he has never experienced a goal drought like this season.,https://www.bbc.co.uk/sport/football/56269757,2021-03-04 07:00:21+00:00
Curtis Jones: Liverpool's 'streetwise' youngster with 'unusual belief',It may feel at times like little has gone right for Liverpool this season but the rise of local boy Curtis Jones has provided a much-needed spark.,https://www.bbc.co.uk/sport/football/56239474,2021-03-04 06:59:59+00:00
Bereaved blogger Rochelle Bugg shares story to help young carers,Rochelle Bugg became a carer at the age of 25 after her mum was diagnosed with a brain tumour.,https://www.bbc.co.uk/news/uk-england-suffolk-56251118,2021-03-04 06:44:24+00:00
Courier driver: 'I was delivering hundreds of parcels a day',Courier driver Michael says his volume of parcels has almost doubled since the first lockdown in March.,https://www.bbc.co.uk/news/uk-scotland-56272459,2021-03-04 06:16:00+00:00
Deese Kasinga: What happens when the Premier League academy dream dies?,Only 180 of the 1.5 million youth football players in England will make it to the Premier League. So what happens to the rest?,https://www.bbc.co.uk/sport/football/55105438,2021-03-04 06:06:53+00:00
"The Papers: 'Spend now, tax later Budget' and 'war at palace' ",The papers focus on the Budget and the investigation into claims the Duchess of Sussex bullied royal staff.,https://www.bbc.co.uk/news/blogs-the-papers-56274693,2021-03-04 06:01:23+00:00
Budget 2021: 'I'm finding it hard to celebrate',"There's more support for many in the Budget, but for some it still falls short.",https://www.bbc.co.uk/news/business-56271295,2021-03-04 01:39:02+00:00
Then and now: A 'megadrought' in California,See how extreme weather has affected an vital reservoir in California.,https://www.bbc.co.uk/news/science-environment-56225862,2021-03-04 01:16:52+00:00
Argentina: Can one country's change of abortion law alter a continent?,Pro-choice activists hope Argentina's legalisation of abortion will bring about change elsewhere.,https://www.bbc.co.uk/news/world-latin-america-56098334,2021-03-04 01:11:37+00:00
Why are QAnon believers obsessed with 4 March?,"Believers are using an old, irrelevant law to herald the supposed return to power of Donald Trump.",https://www.bbc.co.uk/news/blogs-trending-56260345,2021-03-04 01:07:14+00:00
India Supreme Court: Calls for Justice Sharad Bobde to quit over rape remarks,"Calls are growing in India for Chief Justice Sharad Bobde to resign over his ""atrocious"" remarks.",https://www.bbc.co.uk/news/world-asia-india-56263990,2021-03-04 00:59:50+00:00
'After the first cancellation it didn't go back to normal',The so-called sharing economy has been greatly affected by the continuing Covid-19 pandemic.,https://www.bbc.co.uk/news/business-56209011,2021-03-04 00:14:59+00:00
Reddit chief: I was late to spot GameStop stock mania,Steve Huffman says he supported the aims of a Reddit group taking on the hedge funds.,https://www.bbc.co.uk/news/technology-56246852,2021-03-04 00:05:00+00:00
Rare black fox spotted in London garden,"The fox frequently visits the garden of Faroz and his daughter Sophia, who initially thought it was a wolf.",https://www.bbc.co.uk/news/uk-england-london-56266743,2021-03-04 00:02:29+00:00
Life discovered deep beneath an Antarctic ice sheet 'shouldn't be there',"Researchers hoping to collect mud samples deep beneath an Antarctic ice sheet were amazed to discover small creatures living in the dark, freezing water.",https://www.bbc.co.uk/news/science-environment-56268439,2021-03-04 00:02:22+00:00
LeBron James: NBA superstar's evolution from high school prodigy,"This is the story of LeBron James, the high school phenomenon who turned three failing franchises into NBA-winning teams.",https://www.bbc.co.uk/sport/basketball/56186430,2021-03-04 00:02:06+00:00
The 'vaccine hunters' helping older people get Covid jabs,Americans baffled by the complex system for getting a shot now have help from tech-savvy young people.,https://www.bbc.co.uk/news/world-us-canada-56270333,2021-03-03 22:31:06+00:00
Girl In Red: 'I'm a genre-free artist. Open to everything',"How the singer went from making ""queer pop"" in her bedroom to working with Billie Eilish's brother.",https://www.bbc.co.uk/news/entertainment-arts-56040643,2021-03-03 19:32:36+00:00
Five things we learnt from the Budget,The BBC's Jonathan Blake takes us through the big things that stood out from this year's Budget.,https://www.bbc.co.uk/news/uk-politics-56272840,2021-03-03 19:30:32+00:00
London Euston cat-astrophe averted for train-surfing puss,A cat avoided almost certain death after it was spotted on the roof of a high speed train before it departed.,https://www.bbc.co.uk/news/uk-england-london-56271478,2021-03-03 17:59:06+00:00
Budget 2021: What is levelling up and how is it going?,Levelling up was one of the themes of the chancellor's Budget.,https://www.bbc.co.uk/news/56238260,2021-03-03 17:52:27+00:00
Budget 2021: How much will it cost the UK and how will we pay?,The pandemic is costing the government hundreds of billions of pounds. Where will it all come from?,https://www.bbc.co.uk/news/business-52663523,2021-03-03 17:19:25+00:00
Budget 2021: Bedford's High Street hoping for 'booming summer trade',"A £5bn scheme to help town centres is announced - but will it be enough to help a ""struggling"" town?",https://www.bbc.co.uk/news/uk-england-beds-bucks-herts-56266272,2021-03-03 15:58:57+00:00
Budget 2021: Key points at-a-glance,Rishi Sunak has delivered his annual Budget in the House of Commons. Here's what you need to know.,https://www.bbc.co.uk/news/uk-politics-56266773,2021-03-03 15:54:30+00:00
Freeports: What are they and where will they be?,"The government says the low-tax zones will boost struggling parts of the UK, but not everyone agrees.",https://www.bbc.co.uk/news/uk-politics-55819489,2021-03-03 15:27:22+00:00
Self-employed grants: What help is available and when can you apply?,"There will be two further self-employed coronavirus grants, and more people will be eligible for them.",https://www.bbc.co.uk/news/business-52052123,2021-03-03 15:25:17+00:00
Budget 2021: How much will it cost the UK and how will we pay?,The pandemic is costing the government hundreds of billions of pounds. Where will it all come from?,https://www.bbc.co.uk/news/business-52663523,2021-03-03 15:20:34+00:00
Scottish Cup to resume on 23 March after coronavirus break,"The Scottish Cup will resume on 23 March with outstanding second-round ties, and the final will end the domestic season on 22 May.",https://www.bbc.co.uk/sport/football/56265692,2021-03-03 15:18:02+00:00
Budget 2021: Economy to recover 'six months faster than expected',"However, the chancellor says repairing the long-term economic damage from Covid ""will take time"".",https://www.bbc.co.uk/news/business-56266683,2021-03-03 15:10:49+00:00
England 'shouldn't be scared' of pitch or India - Root,"Captain Joe Root says England should have ""no scars"" from two successive defeats when the final Test against India starts on Thursday.",https://www.bbc.co.uk/sport/cricket/56266575,2021-03-03 15:05:44+00:00
Budget 2021: Rishi Sunak vows to 'protect jobs and livelihoods',The chancellor extends furlough for workers - and sets out plans to increase business taxes in his Budget.,https://www.bbc.co.uk/news/uk-politics-56264885,2021-03-03 15:04:37+00:00
Covid: Can I go on furlough and when has it been extended to?,Furlough has been extended until the end of September.,https://www.bbc.co.uk/news/explainers-52135342,2021-03-03 14:54:59+00:00
"Prince Philip 'slightly improving', says Camilla","Duchess of Cornwall says ""we keep our fingers crossed"", following the duke's 15th night in hospital.",https://www.bbc.co.uk/news/uk-56267807,2021-03-03 14:47:28+00:00
When does the stamp duty holiday in England and Northern Ireland end?,The chancellor has announced an extension to the stamp duty holiday?,https://www.bbc.co.uk/news/business-53319433,2021-03-03 14:43:16+00:00
Universal credit: How long will the £20 increase last?,Payments are available to help people who have lost their job or need extra financial support.,https://www.bbc.co.uk/news/uk-41487126,2021-03-03 14:38:38+00:00
Budget 2021: 10 ways Rishi Sunak's speech affects you,Chancellor Rishi Sunak's Budget is packed with policies that will affect your finances. Here is a guide.,https://www.bbc.co.uk/news/business-56263581,2021-03-03 14:37:42+00:00
England call uncapped Northampton lock Ribbans into squad,David Ribbans replaces the injured Courtney Lawes in the England squad for the rest of the Six Nations.,https://www.bbc.co.uk/sport/rugby-union/56263067,2021-03-03 14:11:08+00:00
Budget 2021: Key points at-a-glance,Rishi Sunak has delivered his annual Budget in the House of Commons. Here's what you need to know.,https://www.bbc.co.uk/news/uk-politics-56266773,2021-03-03 13:50:16+00:00
Covid: Biden promises vaccines for all US adults by end of May,"The US president also insists the ""fight is not over"", as some states move to relax Covid rules.",https://www.bbc.co.uk/news/world-us-canada-56262687,2021-03-03 13:32:49+00:00
Meghan 'saddened' by bullying complaint report,The claims in a newspaper article come days before the duchess's TV interview with Oprah Winfrey.,https://www.bbc.co.uk/news/uk-56264385,2021-03-03 12:24:47+00:00
Nicola Sturgeon 'had no reason to want to get' Alex Salmond,"Scotland's first minister tells an inquiry that claims of a plot against her predecessor are ""absurd"".",https://www.bbc.co.uk/news/uk-scotland-scotland-politics-56263825,2021-03-03 12:04:43+00:00
Budget 2021: Contactless card limit will rise to £100,"The move, taking effect later this year, will more than double the current limit of £45.",https://www.bbc.co.uk/news/business-56263582,2021-03-03 10:52:28+00:00
Budget 2021: What is it and when will it happen?,"The Budget - when is it, what does it do and what should we expect to hear from the chancellor?",https://www.bbc.co.uk/news/business-55765868,2021-03-03 09:56:51+00:00
Budget 2021: Who is Rishi Sunak and what does he believe?,From newly elected backbencher to Chancellor in less than five years.,https://www.bbc.co.uk/news/uk-politics-56255824,2021-03-03 08:59:54+00:00
'Exceptional' 15th-Century Ming Dynasty bowl unearthed at US yard sale,"The small bowl bought for $35 last year is set to be auctioned for between $300,000 and $500,000.",https://www.bbc.co.uk/news/world-us-canada-56262954,2021-03-03 07:53:50+00:00
New Zealand v England: Tourists win first T20 by seven wickets,Nat Sciver impresses with ball and then bat as England take a 1-0 lead in the three-match Twenty20 series in Wellington.,https://www.bbc.co.uk/sport/cricket/56262672,2021-03-03 07:36:54+00:00
Abandoning snow shovels for the sun of Dubai - training choices in an unusual Olympic year,"Tokyo 2020 hopeful Amy Hunt on warm-weather training, late-night essay writing and a big call on her Olympic target.",https://www.bbc.co.uk/sport/athletics/56247807,2021-03-03 07:02:29+00:00
Newcastle United: The brutal reality of Premier League academies - Deese Kasinga’s story,Deese Kasinga’s dreams came true when he signed a two-year deal at Newcastle aged 16. But this soon turned into heartbreak when he faced a huge setback.,https://www.bbc.co.uk/sport/av/football/56259266,2021-03-03 06:20:46+00:00
Covid-19: Dolly Parton marks vaccination with Jolene rewrite,"Singing to the tune of her hit song Jolene, the country star, 75, promotes coronavirus vaccinations.",https://www.bbc.co.uk/news/world-us-canada-56261397,2021-03-03 04:49:01+00:00
Covid: Qantas launches 'mystery flights' to boost tourism,Airlines are coming up with different strategies to tackle the pandemic travel slump.,https://www.bbc.co.uk/news/business-56261670,2021-03-03 03:44:07+00:00
Contraception: Should the pill be sold over the counter?,Reaction to the idea on social media has been mixed. Here's what doctors and pharmacists have to say.,https://www.bbc.co.uk/news/uk-56147693,2021-03-03 00:51:45+00:00
"To make it in music, be prepared for the pitfalls",Why a handbook for artists hoping to enter the music industry gives frank advice on mental health.,https://www.bbc.co.uk/news/entertainment-arts-56242568,2021-03-03 00:46:04+00:00
Mars: Nasa's Perseverance rover sends stunning images,Amazing images as Nasa's Perseverance rover lands on Mars and seeks signs of past microbial life.,https://www.bbc.co.uk/news/in-pictures-56238018,2021-03-03 00:17:09+00:00
DNA Family Secrets: What happened to Bill's father?,"Seventy-five-year-old Bill has never met his dad, but he's about to discover life-changing answers.",https://www.bbc.co.uk/news/stories-56255883,2021-03-03 00:15:45+00:00
DR Congo's Virunga National Park: The deadly job of protecting gorillas,"In the past year, more than 20 rangers have been killed defending Africa's oldest national park.",https://www.bbc.co.uk/news/world-africa-55829330,2021-03-03 00:14:04+00:00
Tiger Woods: Car crashes and comebacks,How the golfing champion has made a career out of overcoming adversity and scandal.,https://www.bbc.co.uk/news/world-us-canada-56177100,2021-03-03 00:10:23+00:00
How can we make washing machines last?,Sweden is trying to encourage consumers to repair household items like washing machines.,https://www.bbc.co.uk/news/business-56167505,2021-03-03 00:07:36+00:00
The 'LitterCam' that's watching you,AI software can now match footage of motorists throwing rubbish with their car's number plate and issue an automatic fine .,https://www.bbc.co.uk/news/uk-56255823,2021-03-03 00:03:20+00:00
Paramedic and PC find love after 999 chicken shop callout,A paramedic and a Met officer have become engaged after meeting on a 999 callout at a chicken shop.,https://www.bbc.co.uk/news/uk-england-london-56256913,2021-03-03 00:01:22+00:00
How US nuclear missiles found a base in Scotland,The controversial US nuclear submarines operated for more than 30 years and has a lasting legacy.,https://www.bbc.co.uk/news/uk-scotland-56124183,2021-03-02 22:44:47+00:00
Glow-in-the-dark sharks found off New Zealand coast,The sharks live in deep waters and are thought to use light as a form of camouflage.,https://www.bbc.co.uk/news/world-asia-56256808,2021-03-02 22:17:19+00:00
'If the others go I'll go': Inside China's scheme to transfer Uighurs into work,A high-level Chinese study says a massive work scheme is reducing Uighur population density in Xinjiang.,https://www.bbc.co.uk/news/world-asia-china-56250915,2021-03-02 22:04:05+00:00
Budget 2021: What we know so far about Sunak's spending plans,"From money for the arts to help for small firms, here are the spending plans announced so far.",https://www.bbc.co.uk/news/business-56250985,2021-03-02 22:00:46+00:00
The seven key questions facing Nicola Sturgeon,The answers given by Scotland's first minister in evidence to a Holyrood committee could be crucial for her political future.,https://www.bbc.co.uk/news/uk-scotland-scotland-politics-56258226,2021-03-02 21:23:51+00:00
Aerial footage of Exeter bomb exploding,"The controlled explosion of a World War Two bomb in Exeter has left a crater in the ground and properties with ""structural damage"".",https://www.bbc.co.uk/news/uk-england-devon-56257366,2021-03-02 18:28:14+00:00
"The Crown: Emma Corrin on finishing Diana role, Harry's comments, and Golden Globe win","The Golden Globe winner says it ""makes sense"" for her to leave at the end of The Crown's fourth season.",https://www.bbc.co.uk/news/entertainment-arts-56253651,2021-03-02 17:50:21+00:00
Covid: How are European countries tackling the pandemic?,Are European countries relaxing restrictions put in place to control a new wave of infections?,https://www.bbc.co.uk/news/explainers-53640249,2021-03-02 16:13:01+00:00
What's the roadmap for lifting lockdown?,The prime minister has announced a plan for how the lockdown will be lifted in England.,https://www.bbc.co.uk/news/explainers-52530518,2021-03-02 15:20:19+00:00
Covid: When will schools reopen?,All students in England can return to classrooms from 8 March as part of the plans to ease lockdown.,https://www.bbc.co.uk/news/education-51643556,2021-03-02 15:04:32+00:00
Ex-Bristol student unable to read at 13 now studying for PhD,"William Carter, now studying in California, struggled academically until his dyslexia was diagnosed.",https://www.bbc.co.uk/news/uk-england-bristol-56249776,2021-03-02 09:40:44+00:00
"Lockdown Learning: What educational resources are on TV, iPlayer and online?","As schools remain closed to most pupils, the BBC is offering a wealth of educational material.",https://www.bbc.co.uk/news/education-55591821,2021-03-02 09:19:46+00:00
Human origins: 'Little Foot' fossil's big journey out of Africa,How the priceless skull of an ancient ancestor was brought to the UK from South Africa for study.,https://www.bbc.co.uk/news/science-environment-56241509,2021-03-02 08:00:36+00:00
The extraordinary rise and fall of trainer Gordon Elliott,"Profile of Irish racehorse trainer Gordon Elliott, who faces an inquiry after being pictured sat on a dead horse.",https://www.bbc.co.uk/sport/horse-racing/56230013,2021-03-01 19:35:29+00:00
Covid in Scotland: Visitors and hugs return to Scottish care homes,"New guidelines allow limited indoor visits, but some care homes are sticking to tougher restrictions.",https://www.bbc.co.uk/news/uk-scotland-56242468,2021-03-01 17:24:46+00:00
Meteor captured on doorbell cameras in England,A bright streak of light lit up the sky in England shortly before 22:00 GMT on Sunday.,https://www.bbc.co.uk/news/uk-56241705,2021-03-01 16:31:04+00:00
Covid: How many people get self-isolation payments?,Figures for England and Wales suggest two-thirds of people who ask for self-isolation payments get rejected.,https://www.bbc.co.uk/news/56201754,2021-03-01 02:19:00+00:00
Covid: Poldark's Richard Harrington took Deliveroo job in lockdown,"Richard Harrington was ""thankful to go on my bike every day"" as work stopped during the pandemic.",https://www.bbc.co.uk/news/uk-wales-56225148,2021-02-28 07:40:22+00:00
Budget 2021: The challenge facing Rishi Sunak,The BBC looks at the state of the UK economy ahead of the spring Budget.,https://www.bbc.co.uk/news/business-56112755,2021-02-28 01:22:28+00:00
"Budget 2021: Stamp duty holiday deadline 'may cost us £12,000'",Homebuyers facing high costs and delays want the tax break to be extended at the Budget.,https://www.bbc.co.uk/news/business-56016874,2021-02-26 23:44:21+00:00
Covid: When will I get the vaccine?,Two approved Covid vaccines are being rolled out across the UK. So when might you get one?,https://www.bbc.co.uk/news/health-55045639,2021-02-26 11:15:48+00:00
Covid: When can I go on holiday in the UK or travel abroad?,"The government has unveiled its plans for unlocking UK restrictions, including holiday travel.",https://www.bbc.co.uk/news/explainers-52646738,2021-02-24 12:40:02+00:00
What are the new rules for testing and hotel quarantine?,Travellers going to and from the UK face a growing number of restrictions.,https://www.bbc.co.uk/news/explainers-52544307,2021-02-16 08:57:16+00:00
"Nazanin Zaghari-Ratcliffe must be released 'permanently', says PM","The British-Iranian's five-year sentence on spying charges has ended, but she faces a separate court case.",https://www.bbc.co.uk/news/uk-56313099,2021-03-07 18:01:41+00:00
NHS 1% pay rise is 'as much as we can give' - Boris Johnson,Boris Johnson defends his pay rise proposals after a warning nurses may quit for feeling undervalued.,https://www.bbc.co.uk/news/uk-56313199,2021-03-07 16:09:27+00:00
Huge explosions rock Equatorial Guinea's main city,At least 17 people have died and hundreds more have been injured in the city of Bata.,https://www.bbc.co.uk/news/world-africa-56311677,2021-03-07 20:51:01+00:00
Meghan and Harry's TV interview with Oprah Winfrey to air in US,Oprah Winfrey's interview with the Duke and Duchess of Sussex will be broadcast at 01:00 GMT on Monday.,https://www.bbc.co.uk/news/uk-56313648,2021-03-07 17:00:36+00:00
Sarah Everard: Police confirm last sighting of missing woman,Sarah Everard has been missing from south London since Wednesday evening.,https://www.bbc.co.uk/news/uk-england-london-56315011,2021-03-07 16:49:16+00:00
Rangers' Premiership win: Celebrating fans urged to go home,"Police make a ""small number"" of arrests and issue fines after crowds gathered to celebrate Rangers Premiership win.",https://www.bbc.co.uk/news/uk-scotland-glasgow-west-56312051,2021-03-07 20:59:05+00:00
Priti Patel orders review into Ruth Williams lockdown killing,"Ruth Williams was strangled by her husband, whose five-year sentence for manslaughter sparked anger.",https://www.bbc.co.uk/news/uk-wales-56313108,2021-03-07 17:42:22+00:00
"Pay-rise protest organiser fined £10,000",Forty people protested against the controversial plan in Manchester and an NHS worker was arrested.,https://www.bbc.co.uk/news/uk-england-manchester-56312817,2021-03-07 17:05:31+00:00
Covid: Gavin Williamson 'looking at' longer school day and shorter holidays,"A range of measures are being looked at to help pupils in England catch up, the education secretary says.",https://www.bbc.co.uk/news/uk-56311723,2021-03-07 12:22:22+00:00
Covid: UK must prepare for 'hard winter' of flu - expert,"The population immunity to viruses other than Covid could be lower than usual, a top medic warns.",https://www.bbc.co.uk/news/uk-56312621,2021-03-07 12:38:51+00:00
Switzerland referendum: Voters support ban on face coverings in public,"The referendum, brought by a far-right party, could affect Muslim women who wear the burka or niqab.",https://www.bbc.co.uk/news/world-europe-56314173,2021-03-07 21:01:08+00:00
Brexit: Lord Frost accuses EU of 'ill will' over UK exit,"Lord Frost says the EU has ""significantly undermined"" post-Brexit arrangements for Northern Ireland.",https://www.bbc.co.uk/news/uk-politics-56311605,2021-03-07 13:36:29+00:00
Pope Francis visits regions of Iraq once held by Islamic State,The Catholic leader delivers a message of hope in the former Islamic State stronghold of Mosul.,https://www.bbc.co.uk/news/world-middle-east-56309779,2021-03-07 15:24:56+00:00
Hunger Games salute: The symbol of protest against Asia’s military regimes,The three finger gesture has become a defining symbol of demonstrations in Myanmar and Thailand.,https://www.bbc.co.uk/news/world-asia-56289575,2021-03-07 00:00:33+00:00
George Floyd: Why is the trial so important?,A US police officer is accused of killing a black man last year. Here's why the world is watching.,https://www.bbc.co.uk/news/world-us-canada-56270334,2021-03-07 00:52:11+00:00
"Losing a twin: 'With great love, comes great loss’",The sister of a girl who died following a school bus crash speaks about how she copes with her grief.,https://www.bbc.co.uk/news/uk-northern-ireland-56264812,2021-03-07 00:00:41+00:00
"Covid-19: First roadmap date approaches, and 'fundamentally flawed' PPE",Five things you need to know about the coronavirus pandemic this Sunday morning.,https://www.bbc.co.uk/news/uk-56309981,2021-03-07 07:31:25+00:00
US bombers deployed to Arctic skies from Norway base,"The US has deployed long-range bomber planes to Norway, in a move seen as a message to Russia.",https://www.bbc.co.uk/news/world-56300515,2021-03-07 00:00:24+00:00
The women of Egypt's Arab Spring,"Ten years ago, Egyptians took to the streets calling for the overthrow of President Hosni Mubarak",https://www.bbc.co.uk/news/stories-56195248,2021-03-07 00:13:53+00:00
In pictures: Thousands attend LGBT Mardi Gras in Sydney,"Thousands gathered for the event, which was scaled back over Covid-19 safety concerns.",https://www.bbc.co.uk/news/world-australia-56307356,2021-03-06 15:49:33+00:00
Stormont signer's children passing on their skills,Stormont signer Kristina Sinclair's children use sign language despite not having hearing difficulties.,https://www.bbc.co.uk/news/uk-northern-ireland-56266968,2021-03-06 07:11:03+00:00
How a ring tells the story of a forgotten secret agent,A war hero had been all but forgotten. But now his story can be told - thanks to his engagement ring.,https://www.bbc.co.uk/news/stories-56215177,2021-03-07 00:09:42+00:00
Katy Sprague: The family piecing together an 'avoidable murder',Katy Sprague's family believe if their concerns had been addressed she would still be alive today.,https://www.bbc.co.uk/news/uk-england-cambridgeshire-56216488,2021-03-07 00:43:49+00:00
"Kings of Leon on Mick Jagger, lockdown hair and writing songs on bar napkins","The rock band discuss Mick Jagger, lockdown haircuts and how their lyrics start on bar mats.",https://www.bbc.co.uk/news/entertainment-arts-56242574,2021-03-07 00:02:23+00:00
Raya and the Last Dragon: Disney's new heroine representing 670 million people,"After almost 90 years of animated films, Disney has finally ventured into South East Asia.",https://www.bbc.co.uk/news/world-asia-56277164,2021-03-07 00:16:02+00:00
UK Royal Family: Who is in it and how does it work?,Here are some of the things you need to know about the British royals.,https://www.bbc.co.uk/news/uk-56201331,2021-03-05 17:17:28+00:00
What's your pension invested in?,"While pension pots are going green, how easy is it to dump investments in tobacco or gambling?",https://www.bbc.co.uk/news/business-56170726,2021-03-07 00:15:34+00:00
Back to school: 'I'm ready for a coffee in peace',"As children in England return to school on Monday, parents have mixed emotions.",https://www.bbc.co.uk/news/education-56282879,2021-03-07 00:45:37+00:00
Nazanin Zaghari-Ratcliffe: The five years separated from her family,"The day before Nazanin Zaghari-Ratcliffe is due for release, her husband talks of his hopes and fears.",https://www.bbc.co.uk/news/uk-56301683,2021-03-06 13:29:49+00:00
Solskjaer rules out title chase as derby victory ends Man City's winning run,Boss Ole Gunnar Solskjaer says Manchester United are not thinking about overhauling Premier League leaders Manchester City despite victory at Etihad Stadium.,https://www.bbc.co.uk/sport/football/56227458,2021-03-07 21:36:42+00:00
Bale and Kane doubles inspire Spurs to comfortable win,Gareth Bale and Harry Kane both score twice to inspire Tottenham to a third consecutive Premier League win at the expense of Crystal Palace.,https://www.bbc.co.uk/sport/football/56227459,2021-03-07 22:05:28+00:00
Teenager Hodgkinson takes 800m gold as GB end Euro Indoors on high,Teenager Keely Hodgkinson further enhances her reputation by taking 800m gold for Great Britain who end the European Indoor Championships with 12 medals.,https://www.bbc.co.uk/sport/athletics/56314513,2021-03-07 19:15:35+00:00
'A lot of emotion' for Parker as Fulham consign Liverpool to sixth straight home defeat,Liverpool's incredible slide continues with a sixth successive Premier League home defeat as Fulham earn a crucial win over the reigning champions.,https://www.bbc.co.uk/sport/football/56227460,2021-03-07 19:37:15+00:00
Trump thrashes Lisowski to retain Gibraltar Open,World number one Judd Trump beats Jack Lisowski 4-0 to claim his fifth ranking title of the season.,https://www.bbc.co.uk/sport/snooker/56315717,2021-03-07 21:51:01+00:00
Chelsea beat West Ham to keep hold of top spot in WSL,Sam Kerr and Beth England score as Chelsea regain top spot in the Women's Super League with a routine win over West Ham.,https://www.bbc.co.uk/sport/football/56227433,2021-03-07 17:20:11+00:00
Covid: How will testing work in schools?,"All students in England can return to classrooms from 8 March, but how will Covid testing work?",https://www.bbc.co.uk/news/education-51643556,2021-03-05 17:13:21+00:00
Covid vaccine: How many people in the UK have been vaccinated so far?,"The logistics of vaccinating millions of people across the country, as more than 21 million people receive at least one dose.",https://www.bbc.co.uk/news/health-55274833,2021-03-06 17:05:11+00:00
What's the roadmap for lifting lockdown?,The prime minister has announced a plan for how the lockdown will be lifted in England.,https://www.bbc.co.uk/news/explainers-52530518,2021-03-05 15:44:44+00:00
Covid: What’s the problem with the EU vaccine rollout?,The coronavirus vaccine is being rolled out across the EU but there have been delays.,https://www.bbc.co.uk/news/explainers-52380823,2021-03-04 16:00:13+00:00
Budget 2021: How much will it cost the UK and how will we pay?,The pandemic is costing the government hundreds of billions of pounds. Where will it all come from?,https://www.bbc.co.uk/news/business-52663523,2021-03-03 17:19:25+00:00
What are the new rules for testing and hotel quarantine?,Travellers going to and from the UK face a growing number of restrictions.,https://www.bbc.co.uk/news/explainers-52544307,2021-03-05 16:34:57+00:00
Covid lockdown: Why Magna Carta won’t exempt you from the rules,People are turning to tactics that misinterpret outdated law to avoid coronavirus regulations.,https://www.bbc.co.uk/news/56295261,2021-03-06 00:40:58+00:00
Covid: What is the Oxford-AstraZeneca vaccine?,"The Oxford University-AstraZeneca vaccines should save many lives, say experts.",https://www.bbc.co.uk/news/health-55302595,2021-03-04 14:28:19+00:00
Coronavirus: What is the R number and how is it calculated?,The R number is a simple but crucial figure at the heart of lockdown decisions across the UK.,https://www.bbc.co.uk/news/health-52473523,2021-03-05 14:43:03+00:00
Covid: When can I go on holiday in the UK or travel abroad?,"The government has unveiled its plans for unlocking UK restrictions, including holiday travel.",https://www.bbc.co.uk/news/explainers-52646738,2021-02-24 12:40:02+00:00
"'Vaccine passports': Will I need one for going out, work and travel?",The government is reviewing whether venues can ask for proof of vaccination or a negative test.,https://www.bbc.co.uk/news/explainers-55718553,2021-03-05 09:41:38+00:00
"Lockdown Learning: What educational resources are on TV, iPlayer and online?","As schools remain closed to most pupils, the BBC is offering a wealth of educational material.",https://www.bbc.co.uk/news/education-55591821,2021-03-02 09:19:46+00:00
Covid variant: What happens when coronavirus mutates?,New Covid-19 variants keep appearing – and their mutations are very different to the comic book kind.,https://www.bbc.co.uk/news/health-56286744,2021-03-05 15:36:21+00:00
Covid: What’s the problem with the EU vaccine rollout?,The coronavirus vaccine is being rolled out across the EU but there have been delays.,https://www.bbc.co.uk/news/explainers-56286235,2021-03-04 18:09:00+00:00
The 'LitterCam' that's watching you,AI software can now match footage of motorists throwing rubbish with their car's number plate and issue an automatic fine .,https://www.bbc.co.uk/news/uk-56255823,2021-03-03 00:03:20+00:00
Our Lives: Will my hometown survive this lockdown?,An ongoing Covid-19 study has shown how the North of England was hit harder than the rest of the country.,https://www.bbc.co.uk/news/uk-56132394,2021-03-05 00:27:37+00:00
Then and now: A 'megadrought' in California,See how extreme weather has affected an vital reservoir in California.,https://www.bbc.co.uk/news/science-environment-56225862,2021-03-04 01:16:52+00:00
Budget 2021: Bedford's High Street hoping for 'booming summer trade',"A £5bn scheme to help town centres is announced - but will it be enough to help a ""struggling"" town?",https://www.bbc.co.uk/news/uk-england-beds-bucks-herts-56266272,2021-03-03 15:58:57+00:00
Tintern 'secret' medieval tunnel system found by accident,A team of electrical technicians made the discovery while moving an electrical pole in Monmouthshire.,https://www.bbc.co.uk/news/uk-wales-56281726,2021-03-04 13:55:45+00:00
